{"pages":[{"title":"About","text":"cmsimde 內容管理系統 倉儲: https://github.com/mdecycu/cmsimde_site 網站: https://mde.tw/cmsimde_site/ 簡報: https://mde.tw/cmsimde_site/reveal 網誌: https://mde.tw/cmsimde_site/blog","tags":"misc","url":"./pages/about/"},{"title":"2024 Spring 課程","text":"2024 Spring 網際內容管理與協同產品設計實習課程教學導引. 內容管理系統 使用者可以自行利用 cmsimde_site 倉儲作為 Template, 建立自己的網站內容管理系統. 引用網站網址連結的方法: cmsimde_site - 在文章中多次引用同一個網站連結時, 可以使用此種方法. https://github.com/mdecycu/cmsimde_site - 假如想要快速將網址套用 html 網站連結, 可以使用此種方法. cmsimde_site - 也可以使用 Markdown 的標準網站連結使用格式. # 引用 Python 程式的方法 for i in range(10): print(i, \"列出字串\") 也可以直接在 .md 檔案中使用 html 標註, 或加入 Javascript 或 Brython 程式碼. 從 1 累加到 100: 1 add to 100 將 iterable 與 iterator 相關說明 , 利用 Brython 與 Ace Editor 整理在這個頁面. Filename: .py Run Output 清除輸出區 清除繪圖區 Reload 從 1 累加到 100 part2: 1 add to 100 cango_three_gears BSnake AI Tetris Rotating Block Filename: .py Run Output 清除輸出區 清除繪圖區 Reload","tags":"w1","url":"./2024-Spring-w1-blog-tutorial.html"}]}